,AROU_M,VAL_M,DOM_M,CNC_M,IMAG_M,FAM_M,AOA_M,SIZE_M,GEND_M
dim_0,-0.1058228811014009,0.16997095028440862,0.04424730632156835,0.5629056319211785,0.5421150374385785,-0.16998262609834394,-0.07031042974679388,-0.09459605911734005,0.031756207925479764
dim_1,-0.22587352712793624,0.0029233159598963574,-0.05820025084777944,0.5223270345009916,0.42662726356432906,-0.07609349626438532,-0.025571695627350902,-0.3605361330434356,0.01897400581754378
dim_2,-0.06683129338182767,-0.07728381425937246,-0.05480668292856235,0.47945522116043215,0.5734372644281547,0.004855302418160182,-0.4106242515793556,-0.4529127136100847,-0.1051086603991674
dim_3,-0.23996007740237893,0.2608327651161214,0.22206668368157492,0.44013646752915314,0.33430268534279717,0.12463376855130086,-0.25753373904877536,-0.1628706698277821,0.08926169950099216
dim_4,-0.029070344724373125,-0.3294242354825366,-0.2185791034003907,-0.3389233447151585,-0.33817948252214936,0.06649154667360595,0.07386505377452546,-0.06773470811594169,-0.03057616840569009
dim_5,0.0078102496363130075,0.13484878152204502,0.003400798508637252,0.07143743799678996,0.017906078498622455,0.10621261742156189,0.0025880716519943807,0.12747914776186442,-0.04161376062196228
dim_6,0.11233976797592132,0.4125693009298933,0.32630930141524045,-0.20094572598618143,-0.14846023576285802,0.09195153124635412,-0.005540036081015721,-0.042040357359699125,-0.3120170746308047
dim_7,0.05313503326672638,-0.2161112730737615,-0.1811600902720115,-0.24488118363645603,-0.1942241862293561,-0.2660478131095881,0.2026764318286288,0.36459000179473683,0.15213231563666732
dim_8,0.18847007499973836,0.4422112228321373,0.22038702725466836,-0.21454158089150413,-0.14383468376827688,0.28884720388787133,-0.22442272789358828,0.08984707802897983,-0.39887335620964176
dim_9,0.2539867563961819,0.0036093248508830807,-0.1041670147249849,-0.04280377431819913,0.059246901449584825,0.058295884463436046,0.010130294206735634,0.31018098659412535,-0.020932940591723303
dim_10,0.2004971498469374,-0.07175026285244296,0.00801748097058185,-0.11090315614250443,-0.08613044125106764,-0.13889238337189355,0.02837586645717648,0.12802939590666507,0.14192569616302259
dim_11,-0.07643308257525588,-0.20548151529283618,-0.018685276241656622,0.00266864762864282,-0.011295527651092919,0.1269287503077056,-0.07605899335722814,-0.03342178526330831,0.2910477522469101
dim_12,-0.0011768258060072662,0.09652496785867255,0.007407564142833373,-0.17069651078229398,-0.1322044010521355,-0.04381828139662219,0.19753542651181083,0.09303557820679204,-0.10682705929760729
dim_13,-0.24528897170712846,-0.2707032199904214,-0.23248214448067914,0.156350291143587,0.11162382219708047,-0.019234206446518364,0.0001473271040247964,-0.12453919666413286,0.06131137474016196
dim_14,-0.1324917748771488,-0.13119808071078634,-0.15537203514368675,-0.04487612934941253,-0.07118933829098632,0.0728341936465312,-0.12477134210064982,-0.18407058743549656,-0.04116967771594339
dim_15,-0.27311357319675333,-0.2527890682931747,-0.2951954123481804,0.010998607662744858,-0.013460456386233558,-0.0019261006421127517,-0.008987461636494404,-0.044959061862523214,-0.03641571751990792
dim_16,0.19699624188983214,-0.07714477208856925,-0.015142424121020853,0.04390915510372665,0.0888020661265459,0.06679142370300917,-0.07137968938004978,0.05908116735201209,-0.011708100453900182
dim_17,-0.16271661882377056,-0.126264980866995,-0.11445817891774458,0.10305136876390347,0.07871750189603673,0.04610020034644758,-0.1178752480374489,-0.02327299752177156,0.18314739447554282
dim_18,-0.13830017354697502,-0.01999797531597084,-0.026417257386203107,-0.0724030332706965,-0.038381202213953976,0.0637498004869869,-0.027736393127670584,-0.0833434295722494,-0.08880767596969358
dim_19,0.11464169890560189,-0.15744927230816474,0.00728486985654488,-0.04404847772839422,-0.013311566664205592,0.13945107263779047,-0.07513425524113793,-0.001702714598516433,0.10814347387900303
dim_20,-0.09192164414533159,-0.16716601951591487,-0.1540588201571009,-0.006549111909513538,0.025907816984153186,-0.0160096931331063,-0.04435316257870614,-0.02265682179451664,0.02517611331762299
dim_21,0.1445753999409973,0.0747268390561112,0.10017242442209605,-0.13652602541199763,-0.1411278859617863,-0.1503921926224731,0.17879537404788448,0.16580142757415856,0.044563688540520674
dim_22,-0.08029570881280725,-0.05520398239156196,-0.01192155855787767,-0.0004852837259587066,-0.03639228822242858,0.007317669366363564,-0.017732886472173106,-0.021530115631662607,0.16553566703257205
dim_23,0.02581577343853814,0.14479224273528069,0.06578431076011157,0.0127586105940111,0.014754408396085219,0.055230689462767414,0.011391301574849001,-0.0613966529497419,-0.16825288420148424
dim_24,0.08120397297590026,0.08533606586775445,0.16660247182251714,-0.001241345776614048,-0.016642139616106406,0.011833965799423255,0.03117536597472862,0.05966738800657387,0.08650082200221564
dim_25,-0.03618374409306653,-0.06189845998798116,-0.09713583131738485,-0.04450308795118028,-0.011154844172298818,-0.034065492240625786,0.06291155521125298,-0.07583959159284319,-0.08444873801832975
dim_26,0.03616650975386696,-0.001734684702876669,0.07661379392859698,-0.04108452543460166,-0.024489176448467393,-0.038132814910057725,0.035499435941217974,0.054670054000493545,0.11940395667116045
dim_27,-0.2315905183849516,0.008815251639650452,-0.07890680841866987,0.09810523286087545,0.07498749072877425,0.0403655978402295,-0.04792546276279975,-0.14913763096559945,0.028179179860329955
dim_28,-0.08453623535193099,0.01823246778736421,0.09883750137979194,0.01724237490079897,0.007308974304480446,-0.018132219041916194,-0.05573361463952518,-0.00681008715543225,0.09088311575607075
dim_29,-0.13172739910262313,0.0249091742205069,-0.0535363106142533,0.06501512364584813,0.05485485323422808,0.0477515662952929,-0.16024259164280277,-0.1787958621893092,-0.10043303455401582
dim_30,-0.1782887366460111,0.0771418713694262,0.05937714370717201,0.1044323605025458,0.07876783111340849,-0.0746627774150217,0.005541988267911203,-0.08107368118678066,0.031401094795535794
dim_31,-0.037317673547409794,0.09414705024640187,0.05089312987243655,-0.05349949302025722,-0.035259612874478305,0.0327406981058299,-0.02626624671669355,0.030276547617481404,-0.0816997084475389
dim_32,0.10685220865350083,0.15890966427324557,0.176793986536582,-0.050530596274003144,-0.08033904046710998,-0.0054336340863712735,0.027163789436451476,0.005538708150988646,-0.013659314649782421
dim_33,0.03174634321712158,-0.01718669556080924,0.04519577410921491,-0.07625193285947643,-0.07559332655596776,0.002937538221679491,0.06603207847974878,0.22281681982666304,0.05796712223656786
dim_34,0.021866957381883937,0.013832060698856487,0.02964444247260979,-0.09305308007130317,-0.04225899417497848,-0.02388731345761582,-0.005929387364695406,-0.014251837170864784,-0.024116451901382285
dim_35,0.048751488468888264,0.044272358304282285,0.0694904764389207,0.017479144733957876,0.009920565034950753,-0.008442904406167592,0.01186611312407958,0.03689193222362224,-0.0005874273936723157
dim_36,-0.05583743645203567,-0.04674941488435468,-0.018480523967283505,0.017115510226815928,0.005891101778361855,-0.03670539911070907,-0.01974934184173561,-0.030049220383229793,0.006257331123384101
dim_37,0.012500251197683509,-0.05457547555470163,0.00979585088135722,0.005624496311026756,-0.005080646890460759,0.002678865685724627,0.04706620986723071,-0.05111635929396549,0.018049939291584494
dim_38,0.14627562305675063,0.08468834152949904,0.07767994704559138,-0.08965708612244347,-0.04758774693262155,-0.02245225700452836,0.021578819084521434,0.044551397688401634,-0.033780238367497786
dim_39,0.10671240802754767,0.08324568036596226,0.04735337076890991,0.07156098226662674,0.09262545684248429,0.048334964904023135,-0.05318420095222874,0.1334560038818024,0.012680330250889294
dim_40,-0.01763302814015346,-0.14785184101110094,-0.04908274823200212,-0.0688306131122017,-0.05624885687843038,0.05025909958223164,0.06407973071723011,-0.018575209864869657,0.10041017429040192
dim_41,-0.001368458377825895,0.14191992599889863,0.07002471256524785,0.09893077454880518,0.12717032326809488,0.034967335355269635,-0.12506694919498104,-0.1357424546987419,-0.0393579363561696
dim_42,-0.10715258713527609,-0.018992869460758312,-0.019031812469578555,0.05016949995529799,0.007778631293239319,0.02713242254201578,0.02209021981706429,-0.13160061204301302,0.07375892589385623
dim_43,-0.04827138231853673,-0.0988738284264579,-0.07483031169927144,0.04981318773962731,0.0299840974543555,0.03545719018926836,-0.030251036363994083,0.023065666549623033,0.10039312137235368
dim_44,0.02683445286532947,0.07795404197411594,0.09249747193905375,0.10296239509480168,0.0787781500676059,0.05526666449805174,-0.07917897142637859,-0.0608445731108717,-0.024773347559260042
dim_45,0.14019411206381543,0.10836788063050015,0.029271814827165826,-0.07579831292487955,-0.03130222294284217,0.04778851880727448,-0.04306038507649259,0.07292539644180765,-0.062371953608507766
dim_46,-0.01864390497735616,-0.03440769101578694,-0.04350978430736709,-0.032748744580570234,-0.0007558014429077527,0.07878252161606972,-0.04599473414749666,-0.06332392620000629,-0.12356009905388757
dim_47,0.03980275221838223,-0.09329262880425705,-0.08699660761979873,-0.011716942484265837,0.042627347613827894,0.040535568284201275,-0.059827883362881265,0.11105818062956145,0.0071261291939834276
dim_48,-0.017943831389518213,-0.007445380442584953,-0.023154623868389623,-0.020944160303775418,-0.013370984957871333,0.11226297823504412,-0.10399294609980994,-0.0038006981244700622,-0.017187891878036796
dim_49,-0.04922819894793789,0.036217285530709555,-0.061408678582501645,-0.007760770070380505,-0.021318658960649696,-0.026563656551723193,0.010658125315433942,-0.03698537828929121,-0.02978070621684927
dim_50,0.02450932614526177,0.022571544447456307,0.09731310791442958,0.06789717339852384,0.05747746645718078,-0.04458240166051067,0.049210532355350015,0.04134051681552746,0.05115105046928447
dim_51,0.08528656042286947,0.0653660749002577,0.06591747665373407,0.010985450615427368,0.0021063904693508326,0.021327754994943167,0.011130015170689176,0.04190366924361408,0.005211619166821158
dim_52,0.031536045869019695,-0.01796899105742279,-0.0232123156267855,-0.015824929171592523,-0.011511700549852965,-0.05309821707743484,0.04863468433650603,0.05070885988007581,0.06045682355384099
dim_53,0.052422753117610806,-0.03628037166866505,-0.044408339356411045,-0.04225510265376061,-0.04022475122031528,0.00701310914101498,0.031193157530711155,0.0794180035481072,-0.07404291550075144
dim_54,-0.015323932497143413,0.000790584724264683,0.00044694646170374846,0.04776997777839959,0.05341913158767222,0.04742872205319371,-0.026166530594341642,0.04459228055430719,0.025931693524909396
dim_55,-0.07128977240494722,0.036611842590682335,-0.019244819527252578,0.09168204533244405,0.07002481510514756,0.0557112902414352,-0.1263368683173098,-0.08813629772581517,-0.07851225937703094
dim_56,-0.09979154666666468,-0.1023821693420907,-0.06213995528244622,0.057070353373830374,0.03402223147621406,-0.021320153713290674,0.022491522282681448,-0.05817403953086576,0.027894151136132816
dim_57,-0.15200574407182213,-0.15480464931252066,-0.1550380403825206,0.039881608434630476,0.02170302494231818,0.006186962457736096,-0.02412070156008709,-0.09062202662415283,-0.00016093979919341435
dim_58,-0.019447156349663434,-0.023431268285026792,-0.09763093707152364,-0.040656530256441704,-0.006980966591758293,0.004590998352746007,-0.0020206224769837226,0.014553804664041782,0.01568202121887182
dim_59,-0.09379119272098577,-0.03762887956248842,-0.0957029437269042,-0.09566654085746458,-0.08899120310449676,-0.025532695481763592,0.0201816598514453,-0.05711365421139992,-0.06042390540454066
dim_60,-0.05615792457057363,-0.07951563438620042,-0.009899761473443205,-0.05870130655391396,-0.09016727190793644,-0.0769883814176326,0.16704911073443685,0.02607728063225902,0.08080445140485995
dim_61,0.026616648022712915,0.027633557878767364,-0.028395924499456673,0.05171806026127332,0.060859175805727736,-0.012936385867086843,-0.01749407396485863,-0.0337096648336847,-0.019281121487344687
dim_62,-0.06850628568302919,-0.04840720114161183,0.01177418371994043,-0.003380894072041471,-0.003920420256507972,-0.05132548793026414,0.07060593279921436,-0.07256745493908229,0.07529474419076332
dim_63,0.006803828949350991,0.002118446579308968,0.015664701561702958,0.0506564199826703,0.0708325306647603,0.06963794483545607,-0.07452161336875224,0.036437145010876,-0.020607097059973684
dim_64,0.05624132526634417,0.05555515372195856,0.08632197336726075,0.01410270839931715,-0.009511632284293872,0.005328218561547816,0.017639815879426392,-0.018473245095698095,-0.015901787919026203
dim_65,0.014379951845292028,-0.0019487493797400203,0.03804756126840263,0.07396292842354946,0.051864959743153485,-0.022252110948820177,-0.01772191517474642,-0.009842960276401493,0.05835056427882578
dim_66,-0.025379907401452347,0.025740772581383367,0.014253061131347344,-0.03306612340164688,-0.02868463352710244,0.08064712701401609,-0.08928324190657741,0.021160498907866088,-0.03857397350140371
dim_67,-0.00898191944076688,-0.034102643846728266,-0.05087836851883352,0.010643798557967514,0.03441154905401694,-0.008358357431803238,0.01622526531928993,0.04525357722644552,-0.03850365415753448
dim_68,-0.02961948757049226,-0.014589949698883276,-0.02415152224057278,0.1811295317031183,0.16301957502967448,0.06111295931404377,-0.0833617183927571,-0.05249535785817093,-0.03760629680267392
dim_69,0.03679515492365271,0.04431764834082912,0.11833890889916458,-0.023371723366131893,-0.025831038808157767,-0.023239550126785937,0.07306182802946434,0.04767359683353127,0.03199510697507448
dim_70,-0.021898094773787038,-0.00875391381912765,0.019958051448859343,0.04833281629434454,0.03662555023689133,0.07719541762269935,-0.06641269998421155,0.06577421890671238,0.10469628271464206
dim_71,0.0688491328802169,-0.03164120567221707,-0.04928630521671113,-0.0872509231525788,-0.06450224665149601,-0.02803441498732416,0.03873656153162849,0.04676162725842384,-0.012931698047628455
dim_72,-0.05536682953989561,-0.028018127480381093,-0.03515045649652576,-0.0034126337519264104,-0.00959892116283629,0.022528126340112715,0.052251555035640995,0.06457426660374616,0.07351284169252126
dim_73,0.04626923877704191,0.0044130108616003885,0.0517713118108341,-0.016391056673461087,0.010978181007482575,0.06398521192805921,-0.07233895175286253,0.06900540059566541,-0.03132550610754304
dim_74,-0.0024703482742455016,0.036467342108793724,0.019627287518236877,0.03341781296298653,0.019897335409797337,0.019618135798218108,-0.028458335525129597,0.05022328874055398,-0.0030404371796075116
dim_75,-0.024753676824109144,-0.039610398649680946,-0.03738053908480014,-0.01405774139706549,-0.027960947265470954,-0.005105563122011709,0.05868111337250353,0.05448255149917177,0.022873623143984403
dim_76,-0.005112799106097675,-0.02835752395833236,-0.040339834981408376,0.07533890896784902,0.068048477848812,-0.06469391203152115,0.09825185071451153,-0.005786535301709818,0.02008397471535236
dim_77,0.01609206449987261,0.04651390260163261,0.042955260746667084,0.03985115409814822,0.04099179572886059,-0.0023434591719311607,0.043125965003184864,0.03413340240000937,0.02120176913276397
dim_78,0.033839560422497396,0.10072358423362247,0.059657417961167525,0.07022507357501633,0.07501885712939398,0.022355138262968918,-0.07641479351896886,-0.039927910817605376,-0.04214939808320506
dim_79,6.356499724785349e-06,0.06392828510103458,0.040576935421210436,-0.09007942354410137,-0.07645322521255397,-0.01905419883622275,-0.00950440944110733,-0.03806221336447478,-0.061160656508692804
dim_80,-0.08193700236541954,-0.03554889644510714,-0.010090784907117376,0.0290799676933314,0.008401629763511966,-0.07321036305738718,0.018009979113903753,-0.08388454918326732,0.03184045338038095
dim_81,0.00030710708211145266,0.012533842539480347,-0.022880958172375798,0.05858564247876654,0.06258758973805495,0.03886649844260039,-0.05117162569815252,0.022425657580845276,-0.0023518403414148677
dim_82,-0.002608988497898057,-0.04100713305213962,-0.09275209166991077,-0.013599282126549605,-0.012298397394717327,0.016086434917004896,-0.041682685427400834,-0.06460477751322391,-0.056572147106754525
dim_83,0.01345241066602283,-0.0775224172075207,-0.04284130223189601,-0.004192064884875276,-0.023788340534720457,0.03541966891215651,0.041154728669125444,0.022763457879910767,0.029809647682384297
dim_84,-0.01826096160019807,-0.0037689105017094937,0.00503101250326025,0.038823953761044236,0.05477405107164974,0.04070804346173539,-0.024766928946626507,0.019965122521696254,-0.024991160238028158
dim_85,-0.04216108959860917,0.014640621764585613,-0.04177743702059003,-0.03735269452468433,-0.04221756441916178,-0.06787316617616929,0.056355952045108695,0.03751929722133382,0.05377410579978131
dim_86,0.020336500795259296,-0.03154343206092915,0.03210636819967958,0.011635872813422137,-0.007584132270090489,-0.02577848138808623,-0.007618121164128561,0.031740187550064934,0.005154883201843545
dim_87,-0.017352467332313156,0.02440552489215432,0.0184890854565086,-0.06756699928473553,-0.06911822927234369,0.04289140198013201,0.0027640516822716133,-0.02210792758012931,-0.011262302768483504
dim_88,0.014632909471388025,0.03808847080611579,0.04562330552119225,0.03536179105488553,0.03626193509048759,0.06675104160757055,-0.022977018919667306,0.013191764418561892,0.024303265768223545
dim_89,-0.01750135168718771,0.033567888471579786,0.04084946851273991,0.06228234527140871,0.0610404277631495,-0.011542761385912589,-0.02662701618168461,0.012233227907005024,0.018126533056467133
dim_90,0.09110075248848257,0.0351502808456571,0.023387760608057143,0.010648538092671217,0.022801454623764823,0.046788986798155005,-0.05755020917058895,0.06917899563965504,0.01050765157750816
dim_91,0.00217736683179284,0.02379161311502183,0.08964314748956158,-0.0149603976724528,0.0076534022421524284,0.06616290695942002,-0.10079274104514117,-0.06251317838504279,0.00789515643456146
dim_92,0.0362467781631834,-0.0356768287178776,-0.0850110864204705,0.00336750942098808,-0.026482932184466373,-0.0697776389059282,0.05299327976417605,0.05520546869985131,-0.016839282367537053
dim_93,-0.034777393990000745,-0.017021814615048335,-0.035990062929622785,-0.023485749301118384,-0.013657390123436393,0.026752824699006774,-0.039306449539835475,-0.02172380975237623,-0.014131161642641648
dim_94,0.003378107878411839,0.006114076835326194,0.023021757149924375,-0.052909662234390184,-0.07092863814208183,-0.08240283343970291,0.06796067777869066,0.03882348190362001,0.005804975888016819
dim_95,-0.022218816069295943,-0.061105216089403246,-0.05655002222656369,-0.10068197614621818,-0.10293760554186182,0.010042020666331659,0.011149086511595812,-0.03790850472940323,-0.04018846080460466
dim_96,-0.023450627803558274,-0.03348481063033185,-0.0730447876931744,-0.03441618488922581,-0.019085997810246162,0.008782105942786418,-0.021739622867421853,-0.0034245756849305762,-0.03199125978907853
dim_97,0.06483010719395568,0.009123228772255703,0.023122281550239102,-0.07946504413574293,-0.0677443490087203,0.0640302362673908,-0.049668199061450216,0.02546601604816355,0.009912160408564429
dim_98,0.0037613956727099787,0.0593298713186601,0.050944349097987,-0.014948925187019733,-0.012808192485415522,-0.004725058832374254,0.04846538910198114,0.033595541942674535,0.019404450985142464
dim_99,0.07822354993698497,0.09089899157261754,0.08291574423283306,-0.021973110794105466,0.023656326933626497,0.09429724936998128,-0.07658419551868417,0.03193011492549763,-0.04376907506909704
dim_100,-0.049730604666016774,0.00678365093588926,0.02132980920710224,0.06976887369948957,0.03719741119183893,-0.09083831288191746,0.04887783365546256,-0.0951443465828757,-0.009970068329583684
dim_101,-0.01479743461048954,-0.012840930783142886,-0.029183357615367875,0.04813953717651711,0.03994816425027111,-0.015070103125005221,-0.02039096591781468,-0.02385785111728671,-0.033191734716866324
dim_102,0.03776541093744542,0.04101042221040448,0.014293673444430322,0.05201179444574822,0.06956081686250716,0.046057734219662604,-0.07293186370373539,-0.06232106864171107,-0.04952806780518513
dim_103,-0.032054691132922745,0.0220554376570464,0.039605852378637146,0.0851860923830544,0.08568865868780523,-0.01058038249417658,0.01911413323720091,0.011340452045244509,-0.015627403947812764
dim_104,0.03292833121558304,-0.030791362857747563,0.03981891790787612,0.0032075230669837444,-0.010664875905631588,-0.0034198409128463015,0.03645155193938049,0.05208670337597265,0.05980028031177141
dim_105,-0.07637260930473094,-0.017428852254215872,0.012081932728394194,0.07417640797922151,0.02474607730504722,-0.007865249772945452,-0.004978538371291801,-0.008202968253541693,0.06393951221450038
dim_106,-0.13060733428712445,-0.11143202249320358,-0.04692757446840277,0.001654404832075182,-0.01624665652189223,-0.0946164617897874,0.104058161082741,-0.048002785731891276,0.09559955721862337
dim_107,-0.006162468327212845,-0.01278701267986104,-0.008309499314652056,-0.02994228105207569,-0.04098452092324639,-0.0981925437700747,0.06247124041757781,-0.021938395771007514,0.03981348704915078
dim_108,0.044892165355437476,0.026269491476420107,-0.03174952995428788,0.021945882060507075,0.021263965464736617,0.024850137254651048,-0.028931677522970062,0.030507294789146745,-0.026040531797980496
dim_109,-0.04063102052526673,0.020081028029032437,-0.00546714254602814,-0.0002160857433902281,-0.009674351245000472,0.016433193152050246,-0.013323067760751596,-0.019348062682751316,-0.03183841468726043
dim_110,-0.06153997660277033,0.004364589482322224,-0.0384840841754443,0.07365269418700285,0.04836408042214222,-0.04582958580168864,-0.0025792496113431025,-0.024844505571344724,0.014092279564051412
dim_111,-0.019416517124859697,-0.0558464854260397,-0.07223838994222433,0.0014982316864208163,-0.005867521872022413,-0.05520313344352777,0.056655617849214884,0.026805187101858106,-0.008337566191729458
dim_112,-0.040942859258097264,-0.016038184846176102,-0.0007871371804778332,-0.0048321240884092315,-0.004144218373580941,0.019933020169439188,-0.011424063501973714,-0.046760991716816414,-0.0385528287657315
dim_113,0.030714326233396965,0.023045905303888888,0.023754338712185862,0.061311554484564046,0.07788847009626439,0.04874676282720919,-0.03545829913880584,-0.06593172081933445,-0.011247576199055802
dim_114,-0.037527742879995926,0.014680948768752772,0.018986677714541867,0.04797886867819288,0.049970431059279175,0.026572835741352063,-0.06270157301139204,-0.06424583194364934,-0.02259433846722599
dim_115,0.059244427009345076,0.022225822102472242,0.022352974313771975,0.028655131978879124,0.047698156533792946,0.06680743783773097,-0.06307513908140605,0.005991440612752692,0.013955899113691866
dim_116,0.04830415928032837,-0.02560762141447844,-0.017337594187963382,-0.01309882310891197,-0.0043087149270484544,0.0616796481234167,-0.06297102237574573,0.06902924188025747,-0.011776614764714685
dim_117,-0.0542843502615663,-0.02532638139015831,-0.012669360391163856,0.019510531563571132,0.010433908500091748,0.010563183532068966,-0.043837079703791665,-0.017894163060010716,0.054007713952897385
dim_118,-0.019301003214732045,0.02489376262133923,0.03285965330215696,0.028433129485128782,0.01845756374424709,-0.026806418370380027,-0.0002753493070626854,-0.019861380695455347,-0.03981363579940659
dim_119,4.3582384211044657e-05,0.03182397190078172,0.02548336657027107,-0.041378179981550516,-0.04614654360328615,-0.0282170664239193,0.021704592486840035,0.02544307338359568,0.04063173270223755
dim_120,-0.05539806242058057,-0.011250262208348275,-0.04689645736689349,-0.010476035934015998,-0.011927491832634297,-0.014862066576549454,0.042513018536509246,-0.021548997372324036,0.01719516806448572
dim_121,0.01928886133127493,0.03348243891291713,0.03379774697363274,0.01660859237071645,0.00016852259166599235,-0.03886075603980415,0.01664477765399462,-0.0470624151859693,0.016363356344384426
dim_122,0.03054087624441744,0.08421382389951894,0.10858482020807778,0.09397650564579857,0.09720744733570019,0.06999981304019073,-0.06886061285082311,0.03949239358900283,0.02243555817956572
dim_123,0.01676385258107801,-0.0015890391792232291,0.04344583756461421,-0.059248513016888826,-0.055352830957168614,-0.02508169253699816,0.04026475798296031,-0.019550296161114044,0.016724383427022618
dim_124,-0.0475555926746189,-0.055551041485261486,-0.017260862918135257,0.025992972141395315,-0.011043266683394523,-0.016172518612883876,0.05207934456864413,-0.03583178739948304,0.07400530959320659
dim_125,-0.024984239742525307,0.025456675751426572,0.03313729624045984,-0.010391670782865502,0.0006947819629082434,0.006711998298072089,-0.005448656476413459,-0.041838261456438354,0.02108150854392116
dim_126,0.012153705482434973,-0.0028414279385250026,-0.019059526341637493,0.04764460727750749,0.042627178864465085,-0.01269297850132871,0.0019328978590822268,-0.025549720229002496,0.0014516865500502144
dim_127,-0.02547017819360525,0.018304468035276435,0.03576290996515691,0.012109114313897863,-0.00034312904469637796,-0.033724990167835235,-0.009998714890760235,-0.07512658395986785,0.002232611154036633
dim_128,0.026590625315908865,-0.03854459331517342,-0.06906926164427285,-0.024577282256431476,-0.005871249738825223,0.030438347520025777,-0.017374419504444703,-0.025506322071469436,-0.04265220578288546
dim_129,-0.072265441752659,-0.03155637826224295,-0.03413754895542316,0.006693591728230808,0.0020186993157683113,-0.01112118510987745,-0.02302869734254534,-0.0504961115952141,-0.013451867292813221
dim_130,0.0024936730620905437,-0.0010939309073930178,0.0047663658819677756,0.01053419688984691,0.019748688624905388,0.0707234547588457,-0.00952887889163257,-0.0001585050264699527,-0.022256004565870503
dim_131,-0.016994564953875975,-0.032246468551740314,-0.03493457855418781,0.02834557868845349,0.01502599733277974,-0.05264805477327361,0.03849385480975829,-0.0343411756322432,0.05575372986772486
dim_132,0.02286479730297835,-0.023442332180381817,-0.007727496421834462,-0.06380490153256287,-0.06156075407751785,0.005823479255773315,0.03127126885940617,0.07459205468478237,0.011428356229281601
dim_133,0.0467456837402709,-0.01513330204992866,0.009715266454478932,0.023902897089157125,0.0354932988159118,0.006524140958327802,-0.06472199822813479,0.015916255623728722,0.05448809897487779
dim_134,0.013339312392342172,-0.03983419404644682,-0.027922749507585616,-0.014814098109684492,-0.026531776374402335,-0.024800270089992218,0.012979002733789298,0.030302319679709595,0.07426371096889822
dim_135,0.028291667077240196,0.030643872808329576,0.055621903844135366,0.035363993333337576,0.043173089302394135,-0.009089487409654085,0.0067863051261639485,0.01707145739596224,0.02130777248501645
dim_136,0.04882596336210842,0.015899523687460775,0.03755501019706951,0.03741174867928361,0.04350200114473896,0.013201219432374406,-0.019936490731821965,-0.02244130955488097,0.03518539219378534
dim_137,0.03076204477534037,0.045805983310337015,0.025118957674146604,0.035580841556857985,0.01949567950945737,0.03466198645945165,-0.00982849030628613,-0.019517536563160638,-0.01975702472742725
dim_138,-0.011560386728268113,-0.014170938622889257,-0.015206740861235902,0.01000666414412821,0.016644120999111434,-0.008757318913195132,-0.00441027155121538,-0.01109319485537125,-0.050632346748419425
dim_139,-0.01758920389070985,-0.014368904180292357,-0.0012328041183186568,0.058140048404881454,0.049307255830820115,-0.07200258531768633,0.017959521564562955,0.0014644504946748694,-0.0016902127001386102
dim_140,-0.01810821158015089,-0.05824517614040217,-0.04824504660310412,-0.05475451200254338,-0.0357196412682269,0.004719042472261972,0.013968669034649609,0.0256121379561319,0.030012995226080204
dim_141,-0.07542889116867268,-0.061746477739940776,-0.03320556626632637,0.04487349274336781,0.019087333647894392,-0.07044743247533813,0.0648384143430268,-0.09206317136180496,0.024207868310022477
dim_142,-0.06502892459261445,0.03359838848746163,0.047194621576367043,0.04398827286290451,0.03854927320160839,-0.021418179699360388,-0.036295917230949104,-0.039554440177923395,0.014466683892080808
dim_143,0.021632009470388926,0.0014565723472988624,0.004244073083254526,0.028178543229993424,0.03193242159546235,0.03343007355034003,-0.036661995787604776,0.08924282055000642,-0.0057143009846846605
dim_144,0.00532553589516412,0.05564503354177444,0.012505960653753045,0.025254130483656632,0.0371198963710214,0.007353058365635442,-0.0643026346109441,-0.05694598424374175,-0.06749068222005748
dim_145,0.009948314965750073,0.028767607856247625,0.02140576572488637,0.002036846180127169,0.01511385907155728,0.017094545258494083,-0.050647234688710546,0.03655342674647481,0.023074857199065785
dim_146,0.038258655481679796,0.02249137691842228,0.03636867020348141,-0.012787575730254484,-0.004055312596583469,3.682121896532445e-05,0.0028731028566212555,0.024725753955609685,0.032070530843435995
dim_147,0.0046612322941502705,-0.0022603933166729586,-0.030288274376611305,-0.03988175615947898,-0.03543370711126012,0.014627363348134036,-0.005971913301905289,-0.02899886863499568,0.0038236609381550393
dim_148,0.01586439986659631,-0.011556767697439773,0.006165441887101598,-0.013393910330017264,-0.01631983576347993,-0.0027901876165046546,-0.011864108379330196,0.03076644282969423,0.04729656895890206
dim_149,0.0018487903703689273,-0.02333473848931828,-0.044663104742968904,-0.007194788423020194,-0.012653456475984504,-0.02638163545581445,0.022260845177751166,-0.012860400081134897,-0.030917466587076448
dim_150,-0.005212301715194672,0.00977832826930942,-0.01146744468889193,0.039345383996302795,0.025112141383724387,-0.003126390803046774,0.03501120653555814,-0.0425094169468895,-0.007430396993587014
dim_151,0.0022493519556888854,-0.014288523773837507,0.007862389451960147,-0.06322496272460917,-0.07118423135204602,-0.03369074733027165,0.08591173053999934,0.02956130409928845,0.008620294308545585
dim_152,-0.03586142191439832,-0.011232691013747033,0.03538776490945215,0.018568380760106716,0.007934826568355832,-0.043546635642490346,0.02554305565979936,0.003666055965019165,0.049737496688793896
dim_153,-0.029158671853927006,-0.013772598701832216,0.0039388372177473,0.03336366594816242,0.026972040260326655,0.08127615637973579,-0.020378243147298487,-0.04791283394221135,0.017595622492133544
dim_154,0.019268857549227022,-0.029979464106061053,-0.0003484114009178114,-0.046138647654901756,-0.0300507493736204,0.05984196802135443,-0.03745764223594009,0.027001389945312117,0.011560234885076754
dim_155,-0.025347738503979988,0.0038190127330023716,0.017722737716158357,-0.04407697223861951,-0.05968262430757525,-0.03384056127416863,0.04576584666732274,0.0206627901673366,0.05243143501589587
dim_156,-0.016235893666259042,-0.00585428738607726,0.017430132865260267,0.023056982852936926,-0.007510966564295476,-0.0291988023272284,0.031393658373833656,-0.006813287920630264,0.053310255119001775
dim_157,-0.024025729336842515,-0.05511098793350516,-0.010563477253308445,0.023885811391389438,-0.004246939806512326,-0.05224892003340578,0.010950306430000261,0.06275317456578446,0.06168883836273209
dim_158,0.015515176380645914,0.04601008669134037,0.00920474683067508,-0.030240377419158318,-0.02989076914194753,-0.01295283545359325,0.021998266556910725,0.028473057353219308,0.000498664964872144
dim_159,0.016213922736869134,0.03010913333502044,-0.00169257066133878,0.014539709739604298,0.010529511244214446,-0.015152060545972186,0.05219570728015239,-0.02209158999254097,-0.030439512057349138
dim_160,-0.012943120597308039,0.00276531679389885,0.009991887990650762,0.04590527946280662,0.03161713333498842,-0.04687120423185831,-0.014224078349008434,0.007165041620178451,0.032671730474185534
dim_161,0.016190126834322388,0.03332613075503065,0.03167071993579903,0.05257680579579595,0.05573442615593008,0.031800713745104875,-0.07736282820883045,-0.0265790439647601,0.037508366114292715
dim_162,0.030588229427801414,-0.019894509880867824,-0.010740312753042212,-0.06423205719566508,-0.05966448426975248,0.018263805754812786,0.03250703070285679,0.03973629124333982,-0.011771631814166897
dim_163,-0.01248737519473914,-0.05173241402959216,-0.007329356929221633,0.01734665593766901,0.024557626110220776,0.02244959617942525,-0.03679960193042645,-0.039405495038042436,0.022281015104356143
dim_164,-0.01600325188203314,0.044855431797235765,0.05079090610313583,0.06979281593928882,0.07447930670599097,-0.01053682916664378,-0.049958015552704835,-0.052282385400547936,-0.029902380662109405
dim_165,0.026174037867698553,-0.014464246639476005,0.020084939099249167,0.042317580621852764,0.03177321315706183,0.04128888134960101,-0.015930370469588596,-0.019417337819962216,0.022427584137739116
dim_166,-0.016352474351080344,0.007231941787114827,-0.021472885640736857,-0.04109144692171561,-0.04027078628182717,-0.030204370634495863,0.011372774214968948,-0.01232695263588052,-0.048111448394128876
dim_167,0.02956258109753207,-0.06951664443930126,-0.028189247516179825,0.021625593154291956,0.03296285357884222,-0.03689061829851106,-0.00585953719867061,0.02944511929614882,0.06492737432803111
dim_168,-0.01658517771871293,0.025085922448458284,0.03128422216547815,0.017370916733613493,0.018957269734413997,0.0074480399017130255,-0.020376614751831664,-0.047061956360104865,-0.027745460491703663
dim_169,-0.023305395507131885,0.03673740473672422,0.01887404041440206,0.048495645224260336,0.05576702642820714,0.018059021662744253,-0.05709244366963015,-0.054111931085634155,-0.020066727217933993
dim_170,0.04633246302114569,0.02488953755648812,0.028517751721159768,0.032264091800442395,0.03950281315350964,-0.031579673239144804,0.016836247692655563,0.007814328557061755,0.0021079529002539484
dim_171,-0.0315125689072915,-0.028296311858979864,0.004460859816974536,0.051324432173616624,0.047929649425031945,-0.06371788767780129,0.06180707313623449,-0.042566269837252126,0.02161804284979397
dim_172,0.012218657814253275,0.01166053116909639,0.006738918810330963,0.0377510423440019,0.04991351393735952,0.035218563530281695,-0.04965377428713592,-0.020861591221185537,0.011748793240984061
dim_173,0.027723032982465676,-0.030996772229480125,-0.019322590855437992,-0.02368970306533777,-0.028439812460071868,0.0070714545968533155,-0.0037853148920839563,0.006539530070900208,0.01730659836975598
dim_174,-0.014789426668578328,-0.013332548482791313,0.013818028208505825,0.0003259765621738682,0.004644767341032628,-0.03173343312634322,0.027547995951217395,-0.010268150136157663,0.038473467374185104
dim_175,-0.017919904273138058,0.06184319119648416,0.02248266534139357,-0.015471453447839388,-0.03845644189069597,-0.03217629658069609,0.0006370693742702966,-0.024159442242239527,-0.020565829706501507
dim_176,0.0035249628892069593,0.044274009914925416,0.06395117679688377,0.07008976808335808,0.05222287775696991,-0.026181181938021606,-0.011028381403055475,0.028582441799026637,0.013728770071249665
dim_177,0.060195477687113384,0.01910379362845634,0.019601979670940767,-0.055319027763060295,-0.02759858846131725,0.0006482695423763596,-0.03129998175811045,0.022373550058013194,-0.009067446144646637
dim_178,0.0335118562801222,0.03931300482439677,0.031624363254718055,0.005839436692635447,0.02124644691576382,-0.022442522589532974,-0.005172140952136689,0.00014889231409176374,0.00720223854742742
dim_179,-0.0362757872943021,-0.006297060914733193,-0.01717313130227718,0.000644318832156016,-0.007647554303231205,-0.030435242617169886,0.04281650935217894,-0.018643233913913655,-0.025623521390346612
dim_180,0.0012729225354096783,-0.028612713187385275,-0.010540903830595565,0.00761572688977837,0.021671427066663567,-0.008199888460050575,-0.023296438987466115,-0.004309386682099256,0.05001086523101592
dim_181,0.007580276698736223,0.0223907197223577,0.011751425499956341,-0.02439017815201281,-0.02749764215810369,-0.035836813142553145,0.043682902350928705,0.04863083351015788,0.004056501990326912
dim_182,-0.007531083782939038,0.0010820399546265249,0.0064255444241269714,0.009465827574695518,-0.0020681893559904778,-0.049233107269822815,0.04941037963645964,0.05195384429459499,0.03192065965497029
dim_183,0.07446987365599862,-0.01848123757189061,0.03148351147309645,-0.05069216734130972,-0.03917889341332424,0.010349621441928693,0.05076583141842713,0.01786425069846021,0.008820518241617508
dim_184,-0.03330805301956605,-0.011257789255915225,-0.013838893717536304,0.018523498052850557,0.00893087935560809,-0.012986506286111402,-0.00914081225294151,0.0019123789375905126,0.05594695475867091
dim_185,-0.02159413172502099,-0.020173788639960822,-0.02673886211340954,0.05244888460004019,0.05665989247004473,-0.015360038240597697,-0.02501257431146123,-0.06986943257889348,0.020146369185748768
dim_186,0.021124257238225704,-0.012562497817770253,0.018339017133520093,-0.08496492458208355,-0.08056676564884906,0.01556737809005173,-0.006810085053028913,-0.04982938529493873,-0.04522393219974377
dim_187,0.017451228189322255,0.027924686341213215,0.016331579999655815,0.07486053063465944,0.07209772468231807,0.0032619967058527036,-0.029399684134847837,-0.03704291845510538,-0.03393870950119305
dim_188,0.0009937410806482388,0.05169915681584889,0.0005851256284082444,0.052290390820571325,0.0566324651880485,0.013090309741111836,-6.250369686419811e-05,0.030929106090712994,-0.017082096260867097
dim_189,0.0006453278018397541,0.02220492658438594,-0.0135745870355378,0.0072876468242432805,0.009424279132797198,-0.005205995739435368,0.008129022596536747,0.03318015101164004,-0.031120459814986137
dim_190,-0.07820990997609961,-0.041088900078296,-0.03770796841329535,0.06085805887748519,0.04168257158885695,-0.029146180701743664,-0.001082474329896188,-0.011890663884252589,0.06575463342750494
dim_191,0.07097701995155266,0.024067357212055503,-0.0053829681272684555,-0.06587086348894018,-0.0469222498903118,0.06953604521934037,0.002755964623031487,0.008277968354023188,-0.0421887988282977
dim_192,0.002682673906755339,-0.000824414148300455,0.0058590978882103835,-0.027566582875452866,-0.015453728030977235,-0.003002882809257006,-0.012023754223297184,-0.012496212220526567,0.04235712992228865
dim_193,-0.026676490763333276,0.027647449463167082,0.049238150592217804,0.028010218913725803,0.020372010727711113,0.007025182532020161,-0.0403930127623762,-0.053887029864245255,-0.02100718327825029
dim_194,-0.019840334579211492,0.00401163385820899,0.009412210953987274,0.06740938486157988,0.05927863212439271,-0.021872779570351372,0.01410632699518446,-0.03323812281625523,0.03758926595149696
dim_195,0.020398686969037527,0.026088677436413674,-0.03649423889385926,-0.01004746056729888,-0.01424114572072593,-0.028254561165424803,0.02227600353820477,0.018715084692007812,-0.011743688325357273
dim_196,0.025414194625060588,0.03804563808886853,0.037555304085661975,0.025515413495901296,0.040691031482176454,0.057402701642144914,-0.052278976485566356,0.02167405520811505,0.015078364319420945
dim_197,0.00659735884374902,-0.005635051645958814,0.02915180106831557,-0.0059580437728556845,-0.015058467173861825,0.0552802064290901,-0.040325339319562045,0.03373765771934393,0.021875568887113377
dim_198,0.006170081862161415,-0.02717778937746481,-0.010613787872469232,0.02123205789557689,0.03566643991126647,0.01772886447518608,-0.013161951603295008,-0.013142045831607666,0.031434161439621834
dim_199,-0.01965924081200965,0.01639481974341918,0.04325689514024409,0.014449907467701762,0.013748030380730773,0.005300861933415632,8.232353051056991e-05,0.007863226910708343,-0.004696405859137193
dim_200,-0.04219810076246749,0.02046545815246442,-0.008002524796151092,0.06875332918104095,0.04127636226735755,-0.04138171660415305,0.023842963833951594,-0.0558577669598096,-0.03398163750181543
dim_201,0.01113613509796481,-0.038861022275902525,-0.05927958697446362,-0.07893094331720482,-0.08269909866835315,-0.020701453220008284,0.048814627305746386,0.008005905218366395,-0.04947695642316753
dim_202,-0.007888888906402955,-0.014812690062071934,-0.025933445538141597,-0.0013258954316066433,-0.0345280795671462,-0.0348510809587076,0.040079018810790325,0.023297136023004997,0.02019048645943464
dim_203,-0.08132932085593444,0.00818086063190278,0.01375182929245765,0.04807433333112694,0.03876059503919085,-0.007421847336102041,-0.022322684970236754,-0.06684106439113796,0.036624615499263484
dim_204,-0.006009007679110801,0.024618138509547458,0.026267826600202247,0.08937285717537549,0.09423386395892656,0.02730614082691857,-0.04254711117417727,-0.004010042698789935,0.03141640299193336
dim_205,0.04003798111603383,0.01060449583324939,0.06451876297343012,-0.04929440961541422,-0.0548501388892125,-0.011493473255737106,0.0629911306937196,0.02467449479007242,0.03249001612564018
dim_206,-0.025880020757770395,0.007054983318355732,0.005821414005142282,-0.06271702764656024,-0.05653697365636756,-0.010222249754251789,0.039461027532259725,0.033993353934987855,-0.015963987654336223
dim_207,-0.02320246302599931,-0.013917921753199017,-0.0022689161026661474,-0.04401455682608511,-0.03775026080233298,0.016171921636668442,0.013720388052841474,0.0013825202747207957,0.01189228208432813
dim_208,-0.006615379376790597,0.08317311429754727,0.09228641473131018,0.07264382977153012,0.06777903101580512,0.07168685750517961,-0.09787491571235293,-0.025258568853013103,-0.030065349251597595
dim_209,-0.010362418504705154,0.041104256139401336,0.04521508780109456,0.04981569826515313,0.053069171447908736,0.00137056873205021,-0.02257766715604007,-0.07029551995671939,0.0030873815321078592
dim_210,0.03389814515012778,0.002870415657649345,0.032592884124312015,-0.05429883670362447,-0.05264782346034831,-0.00015689963313432085,0.018987162952873286,-0.02907901594874948,-0.04183590907137079
dim_211,0.07311478817401229,0.007770579035245909,-0.027681914579218286,-0.010145512695162222,0.009557586762782786,0.04783382076524882,-0.01970045983607769,0.024502452802298597,-0.05275312030979165
dim_212,-0.0052014383474894565,-0.0073226964494822345,0.010886409906220203,-0.007925119332957746,-0.0012527246911940364,-0.011381416291756213,0.0030633263272636453,-0.05892448028970921,-0.04036345591437072
dim_213,-0.012974779908133597,-0.011143207997171424,-0.03220183905111752,0.06475048968343854,0.06232735424338302,0.03924367171986297,-0.05034377135839973,-0.023891897225183537,0.015060681358593201
dim_214,-0.006375833253895818,0.0028372461161499133,0.0012677427777712446,0.04689186665259156,0.05258435957118552,0.0434366471706066,-0.058519955495915474,-0.04556233183015589,-0.0012806851162598099
dim_215,-0.023376648160326915,-0.012107980449723664,-0.015079492336109047,-0.01668323255937923,-0.019517581986321992,0.03188420847114933,-0.011950976283944644,-0.02073293779697233,-0.0014686933227402185
dim_216,-0.043506130589964866,-0.029311303417620237,-0.015012866254886983,-0.04914679093504682,-0.061640427259290545,-0.008143119687341948,0.033699531858268156,0.01922538670955237,0.01895178099314982
dim_217,-0.0561235405984358,-0.029698024267508626,-0.051429830222520664,0.037977333267368886,0.010602673198204342,-0.04456799852079324,-0.01383292985917784,-0.02653765971173085,0.014957074869345213
dim_218,0.02299545232401572,0.006951548268089396,-0.025224389799538977,-0.03446804636001884,-0.012777990654371156,-0.009743800110659675,0.009343498338252227,0.047771942026036344,0.005795216018257124
dim_219,-0.015874806737438327,-0.01388754694036673,-0.052664171239076726,-0.023382387173895847,-0.019794468043517123,0.01170771651351145,0.002301546935917245,-0.0101461120273549,-0.012315076228048092
dim_220,-0.04491887904017001,0.008032034483832443,-0.007405831183307928,0.017479399652558746,0.004611590801889337,-0.050244609197689256,-0.00646328976175812,-0.05041246081284248,-0.004467792060447088
dim_221,0.05290030445758591,0.025233833717005293,-0.012844082431774768,-0.02158255252865236,-0.01158539566790865,0.012957638981120227,-0.022135926446009774,0.052775960730048095,-0.057554943691105066
dim_222,0.042384365942819795,-0.022851761046963084,0.006015975436522624,-0.056674672077600595,-0.025083768608254457,-0.006916756811685722,-0.003696927578836744,-0.008405302672730241,-0.016498484189187933
dim_223,-0.03785354311546006,0.003034907931964961,0.01238298401071204,-0.016025518574715618,-0.042590410036192065,0.03361483906501986,-0.014556995552655914,-0.036842789639683696,-0.023462965918180336
dim_224,-0.05071418276709799,0.04686472474995774,0.029689305163411422,0.047156501303243274,0.032405505333720795,0.01984447846302932,-0.05148253829138313,-0.0472141417887169,-0.002398125299502908
dim_225,0.01890462917616116,0.02178467871829445,-0.004585878837891278,0.07270861911301885,0.07010837163137872,-0.031761208551361754,0.0243713435782447,-0.03225097874263384,-0.05653293152416901
dim_226,-0.03433950316104199,0.034080662544864644,0.02767962857258988,-0.012349045505344476,-0.006067878315948391,-0.01930720075656541,0.0406880211508916,-0.056106896532055014,-0.03757013746968996
dim_227,-0.006766143719241612,0.02308384990757486,0.058438301154853795,0.018800244470916664,0.00498658039481506,-0.021325799381843372,0.028996410189166842,-0.06199857549196336,-0.02023888686399486
dim_228,-0.042365534864770085,0.012842625559209201,0.015393892611717617,0.033635567930000505,0.016061608739039522,-0.0022302791328995923,0.008328464174498031,-0.06635510991063814,-0.004344343983693395
dim_229,-0.00036133473476392325,0.04123500055064188,0.03633209178453646,-0.006197335202256242,-0.012989947239277473,0.0911222857096088,-0.04468612080616561,-0.025457009000472878,-0.06663544685215564
dim_230,0.039645704898335604,0.04955438544270155,0.06127893082376675,0.06888802569980726,0.08312286027926044,0.10232689533708592,-0.10257246680861254,0.020975762970807662,-0.023446190778827532
dim_231,0.03488989868338528,0.03263059961828792,0.023964948601662144,-0.016739828476845294,-0.004860670924760129,-0.007359077386674549,0.005908837809972475,0.016589699414865013,0.019341864139106057
dim_232,-0.015957394506084327,-0.029597983121330402,-0.02807515919272874,-0.027351165739605412,-0.03374391323958898,0.003973688835310702,-0.0026373320395500304,0.03059194664873513,0.07891993243402202
dim_233,-0.02384184346100758,-0.038795703832373345,-0.008525309858729615,-0.0003018010023695163,-0.0019840498741746523,-0.027624889271374506,0.013523776947107208,0.002225220735867016,0.051426476412984104
dim_234,0.014222157665974686,0.01571174258302386,0.034179704415011294,-0.032660742161846834,-0.042143771405187005,-0.03999325197593287,0.05389028929959715,0.04409696831670719,0.03953918972094954
dim_235,-0.01964124863859461,0.01618118574018822,0.026805974600643847,0.042241673909795024,0.046628083015254666,-0.0036484725931347013,-0.04899736491195166,-0.07665422281311376,-0.010739675610306507
dim_236,-0.000906661492780088,0.007503925080344375,0.020472333877345227,0.0378962007784449,0.0225758949571603,-0.03869448661046352,0.08210635007864749,-0.025220751440652594,-0.04519422586597019
dim_237,0.06810415038046631,-0.008312599304732913,-0.018730485873624022,-0.11842880432002977,-0.0999488821027743,0.04177156358108453,0.01789449986156539,0.07613229744229134,-0.04387788299076594
dim_238,-0.06630775399524128,-0.012206704827700766,-0.013410822946225651,0.15005096703420454,0.12779242995119539,-0.034041882518903735,-0.02468532971050992,-0.08132598386400035,0.02669074130686423
dim_239,-0.0056722460465461946,0.02624343044404077,-0.006027864836256724,0.006031585800217207,-0.00884240431706855,-0.014634060721273854,0.002851086166343098,-0.02967724422872329,-0.0393341453246951
dim_240,-0.02031806475905685,0.039859296694444594,0.05226495004560494,-0.020959539794921597,-0.03167859014638688,0.0642439040250772,-0.0004358341727469645,0.025039605511961254,-0.03239071406306361
dim_241,0.0706559194008203,0.0363781546217036,0.06336402109688329,-0.07925462182339202,-0.06106873605164776,0.022200054628331856,0.0425903798688979,0.03068753468103861,-0.029943308237126078
dim_242,0.002319183050602581,-0.005659802887176267,0.01515408605385515,-0.018296885185069944,-0.01786236412167107,-0.006087509229310766,0.0023146512311530616,0.014432230155102942,0.005994447576214794
dim_243,-0.001431799946426201,0.016131536249599475,-0.014427886561243533,0.057299692225857624,0.0447302091932422,0.01220509980390627,-0.00911110688944429,-0.004729989305927226,-0.021568606220080642
dim_244,0.004378735118792141,0.03144178075068193,0.01186942030051811,-0.005945139769811731,0.0024039804554442513,0.036336642842885236,-0.030911603555722412,0.01944705411584559,-0.017272267377002902
dim_245,0.00241683139633842,-0.021745229895887168,-0.01892827810318684,-0.04868689628329049,-0.0488072237661574,0.01619819291201362,0.017092650565125093,-0.010261614572305353,-0.03507232730255881
dim_246,0.023633231220988395,0.05927693975869482,0.07898409728080492,-0.0037461290528989556,-0.01485366394070087,0.010451127097928349,-0.008474821411845884,0.017602952268627303,0.0013587839588376067
dim_247,-0.06490993045409955,-0.09926925173691954,-0.07531452576179185,-0.02499586212013844,-0.03258191725172038,0.01054821742895302,0.0016712150426070025,-0.024448432186077975,0.039713531996935544
dim_248,0.014654073235324297,0.049719975116304306,0.04639414422789899,0.056015069452530986,0.0377144470341586,-0.054118841670405246,0.014265370841890043,0.003689519276964421,0.030131843441569613
dim_249,0.0064661187248518295,0.007037473885942842,0.006333710146596473,0.03979784793401015,0.05388846609177729,0.06503560760249778,-0.10183332471177947,-0.028156504571760547,0.023599890479504566
dim_250,0.07227231549463975,0.00039446019623976057,0.015323643581125227,-0.05238207484735912,-0.02140713699236397,0.053648674751168315,-0.026162515407775793,0.043798576614126394,-0.024701218888102505
dim_251,-0.006019642854889447,-0.015293378599093401,-0.015276594223410137,-0.05126341915084358,-0.044919036939152925,-0.05952356766104154,0.04681273602993531,0.005912736472597089,0.004730405116150073
dim_252,0.04097492707308139,0.03708587850450569,0.04030450013909798,-0.057540127499097336,-0.03144448859112691,-0.04807066055218324,0.027234588801289896,0.04802324154965254,0.0012694571001085103
dim_253,-0.008786852180248144,0.028750211863727605,0.000420611639967093,-0.024912117107409263,-0.03208465875160315,0.015939073893755533,-0.0016002875626039464,0.0008580674324174316,-0.007353765298875652
dim_254,0.03159728017099057,-0.017879646314862205,-0.013317984183233987,-0.019574025199190666,-0.023996786635326204,-0.03818106079761173,0.02790190938618763,0.021952365516126667,0.006276823570011333
dim_255,-0.04762358000886542,0.004559815763996629,0.010158665050903747,0.0245936741838604,0.010881629220868418,-0.027154735353882378,0.040132046300709615,-0.03736788294041974,0.011532804709998627
dim_256,-0.05861860291478906,-0.0693569185209856,-0.053512630178671756,0.048106359707331806,0.012287373891428232,-0.06909674614973148,0.07315534620258632,-0.013612826993127257,0.036473324558056255
dim_257,-0.04048642564349357,-0.0039304208449468915,0.04886799568477681,-0.0193130980670454,-0.046350760619262056,-0.04074690899992393,0.077763885028248,0.011039156308529674,0.04034289923271048
dim_258,0.018648392257606873,-0.002150164343317251,0.04499995396492206,0.024940511106719184,0.03609523522479109,-0.0032413945913364974,0.004435974746677316,0.035536875916887305,0.042911907249817235
dim_259,0.02443481114914001,0.016986682765902792,-0.005196290257287672,0.024112586054148382,0.048825342670419734,0.03865752433541618,-0.04642553054384325,0.00030368178197034875,-0.017150584544740905
dim_260,-0.039182297137440744,-0.03292639455304084,-0.036424106756451094,0.008498335829280527,0.002989948146030337,-0.04816575788581211,0.042333635578983085,-0.013625403346465592,-0.02111270588099893
dim_261,-0.024758983834946898,0.015000243113113784,0.012391100494740048,0.033887108600261756,0.03691605121383409,0.003019532377786815,-0.005363789344286611,0.03804085904534378,0.02793495223422538
dim_262,0.015368395588462485,0.006391386931717701,0.018296779151431273,-0.010462253009378659,-0.0019703014816721005,-0.003535847493428995,0.026646777243175844,-0.024503004525316997,0.016491775929477953
dim_263,-0.04105479484737881,0.0004462873712441232,-0.01214464791901495,-0.03213227683267566,-0.055800362464180533,-0.0526687479754463,0.06880156173812825,-0.030627167855171823,0.003568525677536086
dim_264,-0.021859551451414713,0.011261322564364042,0.02047142353663687,-0.030210911301669228,-0.04228006404973341,0.017132895424353013,0.015611296443374788,2.7614819795657892e-05,0.030133599294648875
dim_265,-0.029706719097861236,-0.02241090300282762,-0.006725685386160101,-0.040848401209537116,-0.04111009302472602,-0.018125723471723348,0.0012599203862725028,-0.056007098276440966,-0.00463149010731403
dim_266,-0.024700496811450433,-0.0008535808381946511,0.01161488647106192,-0.058093057696851504,-0.07342540939922299,0.02421827098485571,-0.003944675914735414,-0.0074804353142062675,-0.00982074887791543
dim_267,0.012608537447760484,-0.03245563274997537,0.024410792699422246,0.05586685340773194,0.04336480066829756,0.0270288241617399,-0.026191976552501658,-0.03681311028081104,0.03692332520375794
dim_268,0.004575363087541415,0.019996000322156184,0.053095329108342054,0.006772305611475359,0.0031629966536278115,0.04596572824836178,-0.032476840449364566,0.012308271537853247,0.00872304501936012
dim_269,0.0400417273910186,-0.015720763229386064,-0.021713166135158616,-0.05231376891430966,-0.03973791830432789,-0.02658636588680273,0.046765166789347994,0.032323702790925814,-0.012901453257986372
dim_270,0.05618568923881856,-0.011793684120051062,-1.7053722502974265e-05,-0.011764768935409323,0.0009119052547471799,-0.010950791522973033,0.026679641326471194,0.027074741265175013,-0.056129362818859274
dim_271,-0.001457098663625378,-0.01973850164709756,-0.006094709739282508,-0.06593806183179196,-0.05812038661959711,-0.026448901626311316,0.06290231662835065,0.03262136454379146,0.00685227407935968
dim_272,0.030640077093458055,-0.027746982529052642,-0.014475714836716256,0.008467347730011548,0.012753162319494148,-0.007923927248009582,0.004295520481312329,0.058915695546982304,-0.010377312521371087
dim_273,0.07392473834659792,0.049380648766842984,0.0625397982620673,-0.01305705502336247,-0.009472424380750825,0.015313360556425487,-0.0008261298840521425,0.03354362125274526,-0.0159928446298645
dim_274,-0.05829430289833547,-0.06016715360558804,-0.05017996117572604,0.013528600493289002,0.006272320959806777,-0.03369456867808105,0.005534400570416129,-0.04016757880453008,-0.00446117870831981
dim_275,-0.015562469457855612,-0.018962512435395856,0.009155429499213897,0.07471221095261105,0.06893817613215314,0.03145154392851338,-0.0464774494707039,-0.0700777940126498,-0.023087598625654033
dim_276,-0.017635093320243826,-0.0423651747251231,-0.02436626265430064,-0.017470235126813755,-0.020548112668575577,-0.015516548550557547,0.00972855075232105,0.016068425575122152,0.0698064205324972
dim_277,-0.03730758061014335,-0.0008240923511105788,0.006328459788568284,0.024565831729538194,0.016580843922004738,0.0032637730928106357,0.01658113541883292,-0.06955681472421453,-0.015263948797442653
dim_278,-0.02758348223353558,-0.05429910114014183,-0.02501257702714559,0.06392848131816549,0.03323447578918249,-0.0048382150271825,-0.006293690929000521,0.01370491411084723,0.05573328851812237
dim_279,0.01974698626004323,-0.013757128438968137,-0.024140221474145934,-0.016518996561940634,-0.01371368616970545,-0.0013765608447227923,0.04734120220929651,0.028421695942925408,-0.031019502686438754
dim_280,0.022573680311103492,0.015755413547838576,0.007822902227622755,-0.09249786065573491,-0.06982194637134391,0.05030734032863543,-0.022019560779818082,0.018476359723484593,-0.0793367125981315
dim_281,-0.029051527835595673,-0.0390125430662179,-0.04078952705511717,0.0021005270819672334,0.011930406134458744,-0.022817691698386027,0.022515464567038703,-0.01698136717712979,0.00273252575043009
dim_282,0.006159505289567921,0.011130287067616288,-0.008425721121750057,-0.027709607373856537,-0.033695187602959385,-0.025399625419451843,0.03335314794780318,0.026993849338158914,0.0003063529314701776
dim_283,-0.0194535377062752,0.006573184812830176,-0.015305497605799885,0.03882233056999924,0.030550068640631603,0.004399326037832864,-0.016935034569208914,-0.02946983438824598,0.009557920970566227
dim_284,0.014662980836428656,0.0004752969432882042,0.01951414674083533,0.015737209185344297,0.014245578289135181,-0.030797362595647762,0.00707866805264822,0.012860033825424963,-0.00155229123248833
dim_285,0.00643848153630789,-0.02588920645211433,-0.019127402624687314,0.03953475672049345,0.040055484042290625,0.04425127598977526,-0.061215060542544476,-0.0007583312854853056,0.04520150673098587
dim_286,0.008005951110365927,0.019540167355074488,-0.0021563176947702284,0.0038310724333453713,0.016807510535612743,0.06904494095099427,-0.05605632972095772,-0.012355167770079204,-0.0192881277956249
dim_287,0.024030963929371554,0.040802995640974025,0.05116093016657866,-0.006197927037464783,-0.010968317829800841,-0.02420892522955088,0.035786182823791826,0.003765678742058711,0.020710172059794967
dim_288,-0.023710069953602385,0.004121519078945947,0.002929120748295507,0.04230143071849213,0.044032811063205037,0.009655937840681266,0.001250188132877333,0.0009576185308892699,-0.030939503945828346
dim_289,-0.04383164996040869,0.005317916944617093,-0.0204455127423809,0.036994875998824346,0.027063092264287922,-0.06126556251606906,0.03106036867357467,-0.057672305298927376,-0.03428601796536868
dim_290,-0.04877029302290227,-0.013955198070209946,-0.010681594640861687,0.09360216522027152,0.09280585617471489,-0.05041732234392786,-0.016998808174352,-0.047482498159785856,-0.0003634221813391938
dim_291,-0.009546208835077757,0.10353364090038189,0.022724919216608498,0.015371858342605162,0.017650699336499286,-0.029249594847581717,-0.01631697031473974,-0.018518914124081635,-0.07213810869208938
dim_292,-0.04221323858361764,0.04897885407624241,-0.008830818268800642,0.04889861397372058,0.03989936348197765,-0.0008873911505246797,-0.045224332196835824,-0.10014569857645006,-0.06711218772091436
dim_293,0.01953586832032006,0.024430883274132172,0.00683471512527333,0.06206286399599302,0.0718693690613403,0.021439916253851433,-0.04658941628345212,-0.04472353755777796,-0.026066550127026418
dim_294,0.05291273361889147,-0.009139957917277482,0.008525011514355309,-0.027105304455593157,-0.023410442054913275,0.013774588527483431,0.0111785040333686,0.011654295049813966,-0.010642980638424795
dim_295,0.020186936908575544,0.03829155591905904,0.05115870936715762,0.029852478493943953,0.026486913935238776,-0.0035464779205560955,-0.02059945883130292,-0.007260699376580404,-0.005328546711933264
dim_296,-0.003620237260628324,-0.026554414074442086,-0.021794576760405217,0.02612073382076369,0.01722846215439989,-0.014687088831908767,0.007838376678478795,0.015349400478055728,0.0442190774252068
dim_297,0.0010359959858425574,0.005551092491592071,-0.00431348629828678,0.03047364995851318,0.03336760642727306,-0.008022509010188418,-0.02436652400829931,0.007557146000578675,-0.02058552367963774
dim_298,0.020252167217746718,-0.017075024649891492,-0.04446517606482107,-0.023430716389869852,-0.014937766914475811,-0.05346926649297098,0.04866431949130172,-0.012664954076097176,-0.029542886667849825
dim_299,0.006827568752700225,-0.0028781400768356663,-0.007415427277657653,-0.0009888218325889658,0.004447613736411213,-0.010914917477964413,0.04994175904678405,0.03121083842086875,0.018784616278697427
